--
-- PostgreSQL database dump
--

-- Dumped from database version 16.3 (Debian 16.3-1.pgdg120+1)
-- Dumped by pg_dump version 16.3 (Debian 16.3-1.pgdg120+1)

SET statement_timeout = 0;
SET lock_timeout = 0;
SET idle_in_transaction_session_timeout = 0;
SET client_encoding = 'UTF8';
SET standard_conforming_strings = on;
SELECT pg_catalog.set_config('search_path', '', false);
SET check_function_bodies = false;
SET xmloption = content;
SET client_min_messages = warning;
SET row_security = off;

SET default_tablespace = '';

SET default_table_access_method = heap;

--
-- Name: ArVideo; Type: TABLE; Schema: public; Owner: postgres
--

CREATE TABLE public."ArVideo" (
    "Id" bigint NOT NULL,
    "Nombre" text NOT NULL,
    "CreatedAt" timestamp with time zone NOT NULL,
    "UpdatedAt" timestamp with time zone NOT NULL,
    "EquipoFitnessID" bigint NOT NULL
);


ALTER TABLE public."ArVideo" OWNER TO postgres;

--
-- Name: ArVideo_Id_seq; Type: SEQUENCE; Schema: public; Owner: postgres
--

ALTER TABLE public."ArVideo" ALTER COLUMN "Id" ADD GENERATED BY DEFAULT AS IDENTITY (
    SEQUENCE NAME public."ArVideo_Id_seq"
    START WITH 1
    INCREMENT BY 1
    NO MINVALUE
    NO MAXVALUE
    CACHE 1
);


--
-- Name: Categoria; Type: TABLE; Schema: public; Owner: postgres
--

CREATE TABLE public."Categoria" (
    "Id" bigint NOT NULL,
    "Nombre" text NOT NULL,
    "Icono" text NOT NULL,
    "Descripcion" text NOT NULL,
    "CreatedAt" timestamp with time zone NOT NULL,
    "UpdatedAt" timestamp with time zone NOT NULL
);


ALTER TABLE public."Categoria" OWNER TO postgres;

--
-- Name: Categoria_Id_seq; Type: SEQUENCE; Schema: public; Owner: postgres
--

ALTER TABLE public."Categoria" ALTER COLUMN "Id" ADD GENERATED BY DEFAULT AS IDENTITY (
    SEQUENCE NAME public."Categoria_Id_seq"
    START WITH 1
    INCREMENT BY 1
    NO MINVALUE
    NO MAXVALUE
    CACHE 1
);


--
-- Name: EquipoFitness; Type: TABLE; Schema: public; Owner: postgres
--

CREATE TABLE public."EquipoFitness" (
    "Id" bigint NOT NULL,
    "Nombre" text NOT NULL,
    "Cantidad" integer NOT NULL,
    "Imagen" text NOT NULL,
    "Instruccion" text NOT NULL,
    "Detalle" text NOT NULL,
    "CreatedAt" timestamp with time zone NOT NULL,
    "UpdatedAt" timestamp with time zone NOT NULL,
    "CategoriaID" bigint NOT NULL
);


ALTER TABLE public."EquipoFitness" OWNER TO postgres;

--
-- Name: EquipoFitness_Id_seq; Type: SEQUENCE; Schema: public; Owner: postgres
--

ALTER TABLE public."EquipoFitness" ALTER COLUMN "Id" ADD GENERATED BY DEFAULT AS IDENTITY (
    SEQUENCE NAME public."EquipoFitness_Id_seq"
    START WITH 1
    INCREMENT BY 1
    NO MINVALUE
    NO MAXVALUE
    CACHE 1
);


--
-- Name: Membresia; Type: TABLE; Schema: public; Owner: postgres
--

CREATE TABLE public."Membresia" (
    "Id" bigint NOT NULL,
    "Tipo" text NOT NULL,
    "FechaInicio" timestamp with time zone NOT NULL,
    "FechaFin" timestamp with time zone NOT NULL,
    "Estado" text NOT NULL,
    "CreatedAt" timestamp with time zone NOT NULL,
    "UpdatedAt" timestamp with time zone NOT NULL,
    "AppUsuarioID" text DEFAULT ''::text NOT NULL
);


ALTER TABLE public."Membresia" OWNER TO postgres;

--
-- Name: Membresia_Id_seq; Type: SEQUENCE; Schema: public; Owner: postgres
--

ALTER TABLE public."Membresia" ALTER COLUMN "Id" ADD GENERATED BY DEFAULT AS IDENTITY (
    SEQUENCE NAME public."Membresia_Id_seq"
    START WITH 1
    INCREMENT BY 1
    NO MINVALUE
    NO MAXVALUE
    CACHE 1
);


--
-- Name: Pago; Type: TABLE; Schema: public; Owner: postgres
--

CREATE TABLE public."Pago" (
    "Id" bigint NOT NULL,
    "EstadoPago" text NOT NULL,
    "FechaPago" timestamp with time zone NOT NULL,
    "Precio" double precision NOT NULL,
    "CreatedAt" timestamp with time zone NOT NULL,
    "UpdatedAt" timestamp with time zone NOT NULL,
    "MembresiaID" bigint NOT NULL
);


ALTER TABLE public."Pago" OWNER TO postgres;

--
-- Name: Pago_Id_seq; Type: SEQUENCE; Schema: public; Owner: postgres
--

ALTER TABLE public."Pago" ALTER COLUMN "Id" ADD GENERATED BY DEFAULT AS IDENTITY (
    SEQUENCE NAME public."Pago_Id_seq"
    START WITH 1
    INCREMENT BY 1
    NO MINVALUE
    NO MAXVALUE
    CACHE 1
);


--
-- Name: Peso; Type: TABLE; Schema: public; Owner: postgres
--

CREATE TABLE public."Peso" (
    "Id" bigint NOT NULL,
    "PesoActual" real NOT NULL,
    "FechaRegistro" timestamp with time zone NOT NULL,
    "AppUsuarioID" text NOT NULL
);


ALTER TABLE public."Peso" OWNER TO postgres;

--
-- Name: Peso_Id_seq; Type: SEQUENCE; Schema: public; Owner: postgres
--

ALTER TABLE public."Peso" ALTER COLUMN "Id" ADD GENERATED BY DEFAULT AS IDENTITY (
    SEQUENCE NAME public."Peso_Id_seq"
    START WITH 1
    INCREMENT BY 1
    NO MINVALUE
    NO MAXVALUE
    CACHE 1
);


--
-- Name: RoleClaims; Type: TABLE; Schema: public; Owner: postgres
--

CREATE TABLE public."RoleClaims" (
    "Id" integer NOT NULL,
    "RoleId" text NOT NULL,
    "ClaimType" text,
    "ClaimValue" text
);


ALTER TABLE public."RoleClaims" OWNER TO postgres;

--
-- Name: RoleClaims_Id_seq; Type: SEQUENCE; Schema: public; Owner: postgres
--

ALTER TABLE public."RoleClaims" ALTER COLUMN "Id" ADD GENERATED BY DEFAULT AS IDENTITY (
    SEQUENCE NAME public."RoleClaims_Id_seq"
    START WITH 1
    INCREMENT BY 1
    NO MINVALUE
    NO MAXVALUE
    CACHE 1
);


--
-- Name: Roles; Type: TABLE; Schema: public; Owner: postgres
--

CREATE TABLE public."Roles" (
    "Id" text NOT NULL,
    "Discriminator" character varying(13) NOT NULL,
    "Descripcion" text,
    "CreatedAt" timestamp with time zone,
    "UpdatedAt" timestamp with time zone,
    "Name" character varying(256),
    "NormalizedName" character varying(256),
    "ConcurrencyStamp" text
);


ALTER TABLE public."Roles" OWNER TO postgres;

--
-- Name: UsuarioClaims; Type: TABLE; Schema: public; Owner: postgres
--

CREATE TABLE public."UsuarioClaims" (
    "Id" integer NOT NULL,
    "UserId" text NOT NULL,
    "ClaimType" text,
    "ClaimValue" text
);


ALTER TABLE public."UsuarioClaims" OWNER TO postgres;

--
-- Name: UsuarioClaims_Id_seq; Type: SEQUENCE; Schema: public; Owner: postgres
--

ALTER TABLE public."UsuarioClaims" ALTER COLUMN "Id" ADD GENERATED BY DEFAULT AS IDENTITY (
    SEQUENCE NAME public."UsuarioClaims_Id_seq"
    START WITH 1
    INCREMENT BY 1
    NO MINVALUE
    NO MAXVALUE
    CACHE 1
);


--
-- Name: UsuarioLogins; Type: TABLE; Schema: public; Owner: postgres
--

CREATE TABLE public."UsuarioLogins" (
    "LoginProvider" text NOT NULL,
    "ProviderKey" text NOT NULL,
    "ProviderDisplayName" text,
    "UserId" text NOT NULL
);


ALTER TABLE public."UsuarioLogins" OWNER TO postgres;

--
-- Name: UsuarioRoles; Type: TABLE; Schema: public; Owner: postgres
--

CREATE TABLE public."UsuarioRoles" (
    "UserId" text NOT NULL,
    "RoleId" text NOT NULL
);


ALTER TABLE public."UsuarioRoles" OWNER TO postgres;

--
-- Name: UsuarioTokens; Type: TABLE; Schema: public; Owner: postgres
--

CREATE TABLE public."UsuarioTokens" (
    "UserId" text NOT NULL,
    "LoginProvider" text NOT NULL,
    "Name" text NOT NULL,
    "Value" text
);


ALTER TABLE public."UsuarioTokens" OWNER TO postgres;

--
-- Name: Usuarios; Type: TABLE; Schema: public; Owner: postgres
--

CREATE TABLE public."Usuarios" (
    "Id" text NOT NULL,
    "Discriminator" character varying(13) NOT NULL,
    "Nombre" text,
    "Apellido" text,
    "Genero" character varying(30),
    "Image" text,
    "CreatedAt" timestamp with time zone,
    "UpdatedAt" timestamp with time zone,
    "UserName" character varying(256),
    "NormalizedUserName" character varying(256),
    "Email" character varying(256),
    "NormalizedEmail" character varying(256),
    "EmailConfirmed" boolean NOT NULL,
    "PasswordHash" text,
    "SecurityStamp" text,
    "ConcurrencyStamp" text,
    "PhoneNumber" text,
    "PhoneNumberConfirmed" boolean NOT NULL,
    "TwoFactorEnabled" boolean NOT NULL,
    "LockoutEnd" timestamp with time zone,
    "LockoutEnabled" boolean NOT NULL,
    "AccessFailedCount" integer NOT NULL
);


ALTER TABLE public."Usuarios" OWNER TO postgres;

--
-- Name: __EFMigrationsHistory; Type: TABLE; Schema: public; Owner: postgres
--

CREATE TABLE public."__EFMigrationsHistory" (
    "MigrationId" character varying(150) NOT NULL,
    "ProductVersion" character varying(32) NOT NULL
);


ALTER TABLE public."__EFMigrationsHistory" OWNER TO postgres;

--
-- Data for Name: ArVideo; Type: TABLE DATA; Schema: public; Owner: postgres
--

COPY public."ArVideo" ("Id", "Nombre", "CreatedAt", "UpdatedAt", "EquipoFitnessID") FROM stdin;
\.


--
-- Data for Name: Categoria; Type: TABLE DATA; Schema: public; Owner: postgres
--

COPY public."Categoria" ("Id", "Nombre", "Icono", "Descripcion", "CreatedAt", "UpdatedAt") FROM stdin;
1	Piernas	asdf	Ejercitadora de piernas	2024-07-07 21:40:43.135168+00	2024-07-07 21:40:43.135185+00
2	Brazos	zxcv	Ejercitadora de brazos	2024-07-07 21:43:11.12659+00	2024-07-07 21:43:11.12659+00
\.


--
-- Data for Name: EquipoFitness; Type: TABLE DATA; Schema: public; Owner: postgres
--

COPY public."EquipoFitness" ("Id", "Nombre", "Cantidad", "Imagen", "Instruccion", "Detalle", "CreatedAt", "UpdatedAt", "CategoriaID") FROM stdin;
\.


--
-- Data for Name: Membresia; Type: TABLE DATA; Schema: public; Owner: postgres
--

COPY public."Membresia" ("Id", "Tipo", "FechaInicio", "FechaFin", "Estado", "CreatedAt", "UpdatedAt", "AppUsuarioID") FROM stdin;
1	Mensual	2024-07-10 05:05:44.745+00	2024-07-10 05:05:44.745+00	Pagado	2024-07-10 05:18:42.831941+00	2024-07-10 05:18:42.831987+00	eec105d8-5d72-4e49-b3e1-df8e01c916b3
\.


--
-- Data for Name: Pago; Type: TABLE DATA; Schema: public; Owner: postgres
--

COPY public."Pago" ("Id", "EstadoPago", "FechaPago", "Precio", "CreatedAt", "UpdatedAt", "MembresiaID") FROM stdin;
1	Pagado	2024-07-10 05:19:36.754+00	20	2024-07-10 05:19:52.765666+00	2024-07-10 05:19:52.765735+00	1
\.


--
-- Data for Name: Peso; Type: TABLE DATA; Schema: public; Owner: postgres
--

COPY public."Peso" ("Id", "PesoActual", "FechaRegistro", "AppUsuarioID") FROM stdin;
1	50.6	2024-07-10 05:56:16.842659+00	ac1e1748-3a31-4c72-ad3f-706139ae2268
2	66.5	2024-07-10 06:54:34.005813+00	eec105d8-5d72-4e49-b3e1-df8e01c916b3
3	67.5	2024-07-10 07:03:02.330627+00	eec105d8-5d72-4e49-b3e1-df8e01c916b3
4	67.4	2024-07-10 07:03:21.10632+00	eec105d8-5d72-4e49-b3e1-df8e01c916b3
5	50	2024-07-31 07:29:30.355754+00	631a9214-d58e-4a17-9a0c-e3868a1f3552
\.


--
-- Data for Name: RoleClaims; Type: TABLE DATA; Schema: public; Owner: postgres
--

COPY public."RoleClaims" ("Id", "RoleId", "ClaimType", "ClaimValue") FROM stdin;
\.


--
-- Data for Name: Roles; Type: TABLE DATA; Schema: public; Owner: postgres
--

COPY public."Roles" ("Id", "Discriminator", "Descripcion", "CreatedAt", "UpdatedAt", "Name", "NormalizedName", "ConcurrencyStamp") FROM stdin;
aec74b9f-aafa-4a19-bb68-eb082d3f7edc	AppRole	Usuario de mayor nivel de permisos.	2024-07-06 22:41:24.587914+00	2024-07-06 22:41:24.587977+00	ADMINISTRADOR	ADMINISTRADOR	\N
b8c41fb1-d9ff-425f-a9c9-4bc608324e42	AppRole	Usuario de nivel medio de permisos.	2024-07-06 22:41:33.915137+00	2024-07-06 22:41:33.915137+00	INSTRUCTOR	INSTRUCTOR	\N
c5b33f52-e6f7-48f2-9c03-e70c934a7214	AppRole	Usuario de menor nivel de permisos.	2024-07-06 22:41:39.844133+00	2024-07-06 22:41:39.844133+00	CLIENTE	CLIENTE	\N
c4a27e9a-c3d6-4c25-917b-a207493b180d	AppRole	PROVEEDOR	2024-07-08 09:22:18.968187+00	2024-07-08 09:22:18.968214+00	PROVEEDOR	PROVEEDOR	\N
298e2eaa-d9a2-48b6-8c84-6bd22eda8c2a	AppRole	PROVEEDORES	2024-07-08 09:23:09.137825+00	2024-07-08 09:23:09.137826+00	PROVEEDORES	PROVEEDORES	\N
b70bf458-e893-4370-becc-722a36f92de8	AppRole	CUSTOMER	2024-07-08 09:25:19.435722+00	2024-07-08 09:25:19.435722+00	CUSTOMER	CUSTOMER	\N
bbf57b55-df9d-4c6d-85c4-a875c4d78969	AppRole	PRUEBA1	2024-07-08 09:27:47.167437+00	2024-07-08 09:27:47.167437+00	PRUEBA1	PRUEBA1	\N
c4bc6067-00d4-4346-88ac-1835e98a7d71	AppRole	TRATO	2024-07-08 09:30:52.073758+00	2024-07-08 09:30:52.073758+00	TRATO	TRATO	\N
16f18200-70d9-4165-afac-a040373b7731	AppRole	TUTI	2024-07-08 09:33:51.642581+00	2024-07-08 09:33:51.642581+00	TUTI	TUTI	\N
0e8ab47e-f09c-482d-8f3d-a36099f18d5e	AppRole	ROL3	2024-07-08 14:41:43.601592+00	2024-07-08 14:41:43.601681+00	ROL3	ROL3	\N
7a74f8d6-b1f0-405c-804a-ec82ee0b684c	AppRole	DANCE	2024-07-08 15:04:35.990995+00	2024-07-08 15:04:35.990996+00	DANCE	DANCE	\N
0dfe700b-357c-41d2-97bb-c749dc60f9f2	AppRole	BAILE	2024-07-31 07:17:18.340734+00	2024-07-31 07:17:18.340763+00	BAILE	BAILE	\N
399f35a1-fbb4-41cf-8297-033f743b75ee	AppRole	BAILE ZONA 1	2024-07-31 07:19:33.680238+00	2024-07-31 07:19:33.680238+00	BAILE ZONA 1	BAILE ZONA 1	\N
\.


--
-- Data for Name: UsuarioClaims; Type: TABLE DATA; Schema: public; Owner: postgres
--

COPY public."UsuarioClaims" ("Id", "UserId", "ClaimType", "ClaimValue") FROM stdin;
\.


--
-- Data for Name: UsuarioLogins; Type: TABLE DATA; Schema: public; Owner: postgres
--

COPY public."UsuarioLogins" ("LoginProvider", "ProviderKey", "ProviderDisplayName", "UserId") FROM stdin;
\.


--
-- Data for Name: UsuarioRoles; Type: TABLE DATA; Schema: public; Owner: postgres
--

COPY public."UsuarioRoles" ("UserId", "RoleId") FROM stdin;
546295f5-1c8b-41de-8042-4b9b0287f5cd	aec74b9f-aafa-4a19-bb68-eb082d3f7edc
882188f0-1534-4852-b6a6-967755ccf1e9	b8c41fb1-d9ff-425f-a9c9-4bc608324e42
eec105d8-5d72-4e49-b3e1-df8e01c916b3	c5b33f52-e6f7-48f2-9c03-e70c934a7214
bf636aa1-fe0b-4ab9-9bd1-4027813e7a7d	c5b33f52-e6f7-48f2-9c03-e70c934a7214
668910f1-cbe7-43c7-a936-5038815a05c5	c5b33f52-e6f7-48f2-9c03-e70c934a7214
4c4b9706-0bd4-43c4-8c2e-1e44f6a7d226	b8c41fb1-d9ff-425f-a9c9-4bc608324e42
ab5c863b-b054-4bb0-a044-798486ce3dc8	b8c41fb1-d9ff-425f-a9c9-4bc608324e42
83870682-bf4e-4da1-b597-da167959e7aa	b8c41fb1-d9ff-425f-a9c9-4bc608324e42
2c5e823b-bc02-495b-afe1-f4fa1354124a	b8c41fb1-d9ff-425f-a9c9-4bc608324e42
8cccb000-bc2f-4e7f-a8b7-ee188db04d10	b8c41fb1-d9ff-425f-a9c9-4bc608324e42
dec5e120-fa8f-447e-9180-9e0849d2e012	b8c41fb1-d9ff-425f-a9c9-4bc608324e42
42c4fec4-2daa-405a-8176-d986be163ed3	b8c41fb1-d9ff-425f-a9c9-4bc608324e42
7c583303-7102-4e56-8525-8183b97b035b	c5b33f52-e6f7-48f2-9c03-e70c934a7214
a386d299-6771-4728-b2d2-629110b30359	c5b33f52-e6f7-48f2-9c03-e70c934a7214
2acd1708-74df-4271-83d9-737c6aa06742	c5b33f52-e6f7-48f2-9c03-e70c934a7214
23c9f31a-c374-464d-b5a6-2cfd66980f2d	b8c41fb1-d9ff-425f-a9c9-4bc608324e42
57cd95a6-076f-4ec6-9390-b85714be9d9c	b8c41fb1-d9ff-425f-a9c9-4bc608324e42
5c4f6245-c2de-4f73-81be-289e94c3f448	b8c41fb1-d9ff-425f-a9c9-4bc608324e42
02a966c2-bd1d-4b04-9e40-7debede821b3	c5b33f52-e6f7-48f2-9c03-e70c934a7214
ac1e1748-3a31-4c72-ad3f-706139ae2268	c5b33f52-e6f7-48f2-9c03-e70c934a7214
631a9214-d58e-4a17-9a0c-e3868a1f3552	c5b33f52-e6f7-48f2-9c03-e70c934a7214
\.


--
-- Data for Name: UsuarioTokens; Type: TABLE DATA; Schema: public; Owner: postgres
--

COPY public."UsuarioTokens" ("UserId", "LoginProvider", "Name", "Value") FROM stdin;
\.


--
-- Data for Name: Usuarios; Type: TABLE DATA; Schema: public; Owner: postgres
--

COPY public."Usuarios" ("Id", "Discriminator", "Nombre", "Apellido", "Genero", "Image", "CreatedAt", "UpdatedAt", "UserName", "NormalizedUserName", "Email", "NormalizedEmail", "EmailConfirmed", "PasswordHash", "SecurityStamp", "ConcurrencyStamp", "PhoneNumber", "PhoneNumberConfirmed", "TwoFactorEnabled", "LockoutEnd", "LockoutEnabled", "AccessFailedCount") FROM stdin;
ab5c863b-b054-4bb0-a044-798486ce3dc8	AppUsuario	prueba	prueba	Masculino		2024-07-08 03:18:02.129084+00	2024-07-08 03:18:02.129084+00	prueba@gmail.com	PRUEBA@GMAIL.COM	prueba@gmail.com	PRUEBA@GMAIL.COM	f	AQAAAAIAAYagAAAAEDIzEIuvlw7uqkqXDF2+muXbzP2bZFeZ6WQptiEsGYt6+kGzmgcYkoeO4vCDwM546w==	PZLAVYLNIUUSO64WQPXXY3SEONRWDZD5	19d0f884-18e1-4d1d-ba2a-85cb2f64d498	0956475866	f	f	\N	t	0
83870682-bf4e-4da1-b597-da167959e7aa	AppUsuario	prueba1	prueba1	Masculino		2024-07-08 03:20:36.161189+00	2024-07-08 03:20:36.161189+00	prueba1@gmail.com	PRUEBA1@GMAIL.COM	prueba1@gmail.com	PRUEBA1@GMAIL.COM	f	AQAAAAIAAYagAAAAEHnngjntLVSJ6qpNnnctIuCmSOy6Roo3EJs4yrcc4ClBk/uwFKqGJbsuhazBSp2UpQ==	3R6P24BAXVEZCMOGT6PBEOMHUHMHFHXG	af224d5c-0437-4dc0-b9da-50da5fb30491	0957684635	f	f	\N	t	0
dec5e120-fa8f-447e-9180-9e0849d2e012	AppUsuario	prueba4	prueba4	Masculino		2024-07-08 04:20:55.564032+00	2024-07-08 04:20:55.564032+00	prueba4@ail.com	PRUEBA4@AIL.COM	prueba4@ail.com	PRUEBA4@AIL.COM	f	AQAAAAIAAYagAAAAEHyfAlt9joPVsaj1aZ7quh5twjrfd8TiicH+V7wRANhHNXZhWzxUeTrhkXOaoe6vvw==	STVPYNLZSYDMOOPATFAOPYYEB65MOAYR	44678ff2-b587-410e-b7f9-b69ed1a0b287	0957685642	f	f	\N	t	0
4c4b9706-0bd4-43c4-8c2e-1e44f6a7d226	AppUsuario	Rolando	Lopez	Masculino		2024-07-07 23:27:29.314422+00	2024-07-07 23:27:29.314422+00	rolando@gmail.com	ROLANDO@GMAIL.COM	rolando@gmail.com	ROLANDO@GMAIL.COM	f	AQAAAAIAAYagAAAAEPdzCett8r3UeGzkG0IC72aWi1asdDpdEOBoGS26ueF8KkHU1volO06tyNL8Ye+ySw==	ON3ETABWENR5GPZHYLKNYOX5DPDI3DH4	8eb50ef3-a6a3-4d94-a41c-81b867bf642d	0957685746	f	f	\N	t	0
8cccb000-bc2f-4e7f-a8b7-ee188db04d10	AppUsuario	prueba3	prueba3	Masculino		2024-07-08 04:19:34.969427+00	2024-07-08 04:19:34.969427+00	prueba3@gmail.com	PRUEBA3@GMAIL.COM	prueba3@gmail.com	PRUEBA3@GMAIL.COM	f	AQAAAAIAAYagAAAAEN7hX4aZhX0IdPlKfkkhlKcQmQ8M39LXGrZ5ddF4rNyCXSJZpI7ZI9J2lS+8U7Q6Fw==	2CBFUFDOY6MUETAVTEXRHRJINBWTVY7I	22591e4b-d0ac-48a0-af0a-cad4b07ba97e	0986768532	f	f	\N	t	0
668910f1-cbe7-43c7-a936-5038815a05c5	AppUsuario	Domenica Sarahy	Lincango Simbaña	Femenino		2024-07-07 21:54:20.783514+00	2024-07-07 21:54:20.783514+00	Dome@gmail.com	DOME@GMAIL.COM	Dome@gmail.com	DOME@GMAIL.COM	f	AQAAAAIAAYagAAAAEBZrs82xMpdxnSCf1umBhO6kKep3ela9usjQYMAsIMBgjfekOeL/hG+CbIs8myPPNw==	XXGJFBXZZRLWSNQCGLA6K34GM5F7CBN3	ec9c7e1c-8546-4394-8993-e35c802862f8	0961178559	f	f	\N	t	0
42c4fec4-2daa-405a-8176-d986be163ed3	AppUsuario	prueba5	prueba5	Masculino		2024-07-08 04:28:19.404599+00	2024-07-08 04:28:19.4046+00	prueba5@gmail.com	PRUEBA5@GMAIL.COM	prueba5@gmail.com	PRUEBA5@GMAIL.COM	f	AQAAAAIAAYagAAAAEBqzqkulGK4W5EAyMmicy2sjMqOQveMACqk+kTah2QOfNQK708LFAmJ3YObQPW86QA==	3F3JRMUOINM6AQK7YRO5AUXEJS6X6VAC	735b21fa-1f7b-495c-b8b2-a02cd4dbcd21	0986732741	f	f	\N	t	0
bf636aa1-fe0b-4ab9-9bd1-4027813e7a7d	AppUsuario	Dennis	Lincango	masculino		2024-07-07 13:28:51.029882+00	2024-07-07 13:28:51.029931+00	dennis@gmail.com	DENNIS@GMAIL.COM	dennis@gmail.com	DENNIS@GMAIL.COM	f	AQAAAAIAAYagAAAAEE1TNQJESYi9ZjPr0TOzgv4/n3GYh0mZ1e1V9N2/yZkIJR/yZNzKNiXmFwc8W1v+Gg==	4B6RTBJTDWQXIUVSFOSWSIYZUICEOQRK	2cbe95ad-4daa-4697-a1f6-0f54a613a809	0967582123	f	f	\N	t	0
7c583303-7102-4e56-8525-8183b97b035b	AppUsuario	cliente1	cliente1	Femenino		2024-07-08 05:13:47.310674+00	2024-07-08 05:13:47.310674+00	cliente1@gmail.com	CLIENTE1@GMAIL.COM	cliente1@gmail.com	CLIENTE1@GMAIL.COM	f	AQAAAAIAAYagAAAAEPDHoOUxyF/FnpoCors7OVtHYMJbnmycvZj4+YSs07sDVM/VLpKRr5tRxqQOjXVY3w==	DSK3AOM45V2ZZ3DID3DYAX6FORUDRDE2	67e766a4-f6be-4845-ad33-e9f7d05dbce7	0967584721	f	f	\N	t	0
2acd1708-74df-4271-83d9-737c6aa06742	AppUsuario	ultimo	ultimo	Masculino		2024-07-08 12:11:50.673564+00	2024-07-08 12:11:50.673581+00	ultimo@gmail.com	ULTIMO@GMAIL.COM	ultimo@gmail.com	ULTIMO@GMAIL.COM	f	AQAAAAIAAYagAAAAEG70Zx6x/FrnRO47kN9I0+FLSRVIyZspm9OZHD+gFkAOfUlErQneEiuH8CzqiWShzQ==	YXSPDBSLC2F44LTUQU7E7AINYSMX4G6P	e637fc0d-29f3-4299-85e1-2f83c3346cdc	0978546321	f	f	\N	t	0
26447550-a532-41e5-bd55-101a1a129eab	AppUsuario	Jhonatan	Casaliglla	Masculino		2024-07-08 02:59:29.956773+00	2024-07-08 02:59:29.95679+00	jhoisaac1191@gmail.com	JHOISAAC1191@GMAIL.COM	jhoisaac1191@gmail.com	JHOISAAC1191@GMAIL.COM	f	AQAAAAIAAYagAAAAEJJqBj0Smwc53DMyta9amcvDAe0txr1XsJfp/NZHUDKsrPynZmrzf36liIL2i1vuNw==	25MZOCEPZPF33VHOZM55PSAYCLNS4BFV	9abb0662-3db2-4353-a34b-36acfe6825a6	0957685745	f	f	\N	t	0
6ed4ec93-4e25-4acd-813b-f2125fddbd97	AppUsuario	Alex	Casaliglla	Masculino		2024-07-08 03:05:16.9972+00	2024-07-08 03:05:16.997252+00	alex@gmail.com	ALEX@GMAIL.COM	alex@gmail.com	ALEX@GMAIL.COM	f	AQAAAAIAAYagAAAAEE6S9xueop+Lbi71U2/nFq00YMKaIkRFTALwRNgeK59ruhmcGgNV99iOUBHFWiIuTw==	RSFFSUVDK62YKPFUPB3GWEVEEYUWZVF4	8eb84254-78e8-4ad6-bbd3-5d826a04896c	0986867512	f	f	\N	t	0
546295f5-1c8b-41de-8042-4b9b0287f5cd	AppUsuario	Administrador	Administrador	masculino		2024-07-06 22:43:29.980409+00	2024-07-06 22:43:29.980459+00	admin@gmail.com	ADMIN@GMAIL.COM	admin@gmail.com	ADMIN@GMAIL.COM	f	AQAAAAIAAYagAAAAEHXCSK7RVEMmQOk4hAu9UJW4kI+0W2gqwBg9NuGVxfQ639fKiRYc6CLz+jWB5Rtwyg==	2DZMDLVKDX4JDPY2ISWG2BMAIH3LNHHU	1f604f82-b885-414b-bf01-726734653001	0956473641	f	f	\N	t	0
a386d299-6771-4728-b2d2-629110b30359	AppUsuario	cliente10	cliente10	Femenino		2024-07-08 05:55:19.047088+00	2024-07-08 05:55:19.047138+00	cliente10@gmail.com	CLIENTE10@GMAIL.COM	cliente10@gmail.com	CLIENTE10@GMAIL.COM	f	AQAAAAIAAYagAAAAEBmY8w33mHO7cceIfAHlZCj6RDO9ENgo+7u1A8cfVicO2sHSO3SyZRF47fsDO8I92Q==	2CDN3UDEAE3KWCW2V5VYDIVBL4PZQ4IA	245e7255-de3d-41d2-bf49-2c2e6b45b508	0945273164	f	f	\N	t	0
882188f0-1534-4852-b6a6-967755ccf1e9	AppUsuario	Gabriel	Constante	masculino		2024-07-06 22:43:51.780711+00	2024-07-06 22:43:51.780712+00	gabriel@gmail.com	GABRIEL@GMAIL.COM	gabriel@gmail.com	GABRIEL@GMAIL.COM	f	AQAAAAIAAYagAAAAEH4xkKTwiVdlg9GNaJha27ILF3JYJom7Pg/VRiqPmwQNpv6x/r813cnK0MbHx2oAHQ==	BO7JDYP7HI3VJO5FAUVTUO27EIFJT6K2	c8022f92-f0a0-4782-a8e7-052ebdd09fb0	0976856473	f	f	\N	t	0
23c9f31a-c374-464d-b5a6-2cfd66980f2d	AppUsuario	Instructor 5	Lopez	Masculino		2024-07-08 14:03:39.029997+00	2024-07-08 14:03:39.030018+00	instructor5@gmail.com	INSTRUCTOR5@GMAIL.COM	instructor5@gmail.com	INSTRUCTOR5@GMAIL.COM	f	AQAAAAIAAYagAAAAENLs3rTy0HOCckJHA8iiuUPcNWoF/G+gP4lHOe6mQIMr+2Mktk0aoUFYD6FHA532Yw==	T67FWV2QFAJK7A47QW3RXJDNFIPCMGLB	c6a97877-8816-4c6c-87cf-a2c5eb0b5c20	096325809	f	f	\N	t	0
2c5e823b-bc02-495b-afe1-f4fa1354124a	AppUsuario	prueba2	Prueba2	Masculino		2024-07-08 04:15:32.429559+00	2024-07-08 04:15:32.429655+00	Prueba2@gmail.com	PRUEBA2@GMAIL.COM	Prueba2@gmail.com	PRUEBA2@GMAIL.COM	f	AQAAAAIAAYagAAAAECkwCBZ8vNnGZhsVh4ge1lIZoTwFxu3qKsJQ6Miwc7mp2JppRf446UVHsA50IUlHjg==	WSQMOXRNNYZU5YN2NUGA5ULLZNMFI7KQ	10539cd1-f5af-44e9-ba22-a7de58aaec14	0957684631	f	f	\N	t	0
57cd95a6-076f-4ec6-9390-b85714be9d9c	AppUsuario	instructo6	Mantilla	Masculino		2024-07-08 14:41:07.184998+00	2024-07-08 14:41:07.185014+00	instructor6@gmail.com	INSTRUCTOR6@GMAIL.COM	instructor6@gmail.com	INSTRUCTOR6@GMAIL.COM	f	AQAAAAIAAYagAAAAELBBwnpWZCpK0N6Cm4kZwVisS9HlQ0VFBcL3Rf4cbNlNgrPKFfIXf+YRG3v5yMmyuA==	PB2FTE2NZWVT5SI27RZPLSLRQAEBHASR	69b836a7-d1e4-4a96-8498-ab97ce637a84	0963258086	f	f	\N	t	0
eec105d8-5d72-4e49-b3e1-df8e01c916b3	AppUsuario	Betsy	Lincango	femenino		2024-07-06 22:45:38.23368+00	2024-07-06 22:45:38.23368+00	betsylincango@gmail.com	BETSYLINCANGO@GMAIL.COM	betsylincango@gmail.com	BETSYLINCANGO@GMAIL.COM	f	AQAAAAIAAYagAAAAECsXvIe35TgPrIrKnz2vcW5vD0dcSr4d4CiYXm3pXzjkpy6wWHBehjMX80gVTTiGuw==	K65KSNHMHLIBLYVJTH3C57WYRCSUV25E	7b1ef9dd-194d-4fb8-9eea-a9f88f7295cd	0961178555	f	f	2024-07-08 15:25:17.166061+00	t	0
5c4f6245-c2de-4f73-81be-289e94c3f448	AppUsuario	instructorutpl	Lopez	Femenino		2024-07-08 15:04:09.824595+00	2024-07-08 15:04:09.824596+00	intructorutpl@gmail.com	INTRUCTORUTPL@GMAIL.COM	intructorutpl@gmail.com	INTRUCTORUTPL@GMAIL.COM	f	AQAAAAIAAYagAAAAEN+USEn8KR3x5H+qP5bAXHjSIVdocJyTGm/1w/jZ8oXk2iT0p40tliXU/M8jJBPBVQ==	6O23D3L6Y4ODIIYU6KFYDHP6FD7MTQLL	04173dc8-062a-4779-8eb6-e84f8c175255	093625896	f	f	\N	t	0
02a966c2-bd1d-4b04-9e40-7debede821b3	AppUsuario	Carla	Zurita	Femenino		2024-07-08 15:06:33.386521+00	2024-07-08 15:06:33.386521+00	carla@gmail.com	CARLA@GMAIL.COM	carla@gmail.com	CARLA@GMAIL.COM	f	AQAAAAIAAYagAAAAELW/o5J1g1jztPk5TapgCM7Jp0WfDGV6OeohiMyKhvWwSpdVHwZS2EQuxym9j0lCmw==	TOPVPXSV7AS2TXCYDAWINS426ERUVSGG	0e1fc42a-2c91-41e0-83a2-f421f7758d44	06853685969	f	f	\N	t	1
ac1e1748-3a31-4c72-ad3f-706139ae2268	AppUsuario	Peso1	Peso1	femenino		2024-07-10 05:56:16.344857+00	2024-07-10 05:56:16.34491+00	peso1@gmail.com	PESO1@GMAIL.COM	peso1@gmail.com	PESO1@GMAIL.COM	f	AQAAAAIAAYagAAAAEHYzVLY4C12aVql6DXafWgQn/8vtG2RHCxy3SsFGjAuZH8u4pgStwuXEtkrOdZzeTw==	Y6DPXBYYNYYGIMUJYBDW6DMV5K3ACNQ5	636426fc-b44b-4c65-97d2-6e8dc0b32aca	0932158745	f	f	\N	t	0
631a9214-d58e-4a17-9a0c-e3868a1f3552	AppUsuario	Borrar123	Borrar123	Femenino		2024-07-31 07:29:29.817718+00	2024-07-31 07:29:29.817747+00	borrar123@gmail.com	BORRAR123@GMAIL.COM	borrar123@gmail.com	BORRAR123@GMAIL.COM	f	AQAAAAIAAYagAAAAEGAUJaVWvhOwSlcFUA/jnlvdMTgUEMI01+toZYu9xSjcfyf3Z7NtCeWWbwJgyMDWMA==	FT4OYQ6RBC5D3TXESBHWQXGON67ADTWH	bd64ec87-8236-43b2-8282-73788ed0e25d	0987465746	f	f	\N	t	0
\.


--
-- Data for Name: __EFMigrationsHistory; Type: TABLE DATA; Schema: public; Owner: postgres
--

COPY public."__EFMigrationsHistory" ("MigrationId", "ProductVersion") FROM stdin;
20240706222402_InitialCreate	8.0.6
20240710051637_ChangedAppIdFK	8.0.6
20240710055029_AddPesoUserHistory	8.0.6
\.


--
-- Name: ArVideo_Id_seq; Type: SEQUENCE SET; Schema: public; Owner: postgres
--

SELECT pg_catalog.setval('public."ArVideo_Id_seq"', 1, false);


--
-- Name: Categoria_Id_seq; Type: SEQUENCE SET; Schema: public; Owner: postgres
--

SELECT pg_catalog.setval('public."Categoria_Id_seq"', 2, true);


--
-- Name: EquipoFitness_Id_seq; Type: SEQUENCE SET; Schema: public; Owner: postgres
--

SELECT pg_catalog.setval('public."EquipoFitness_Id_seq"', 1, false);


--
-- Name: Membresia_Id_seq; Type: SEQUENCE SET; Schema: public; Owner: postgres
--

SELECT pg_catalog.setval('public."Membresia_Id_seq"', 1, true);


--
-- Name: Pago_Id_seq; Type: SEQUENCE SET; Schema: public; Owner: postgres
--

SELECT pg_catalog.setval('public."Pago_Id_seq"', 1, true);


--
-- Name: Peso_Id_seq; Type: SEQUENCE SET; Schema: public; Owner: postgres
--

SELECT pg_catalog.setval('public."Peso_Id_seq"', 5, true);


--
-- Name: RoleClaims_Id_seq; Type: SEQUENCE SET; Schema: public; Owner: postgres
--

SELECT pg_catalog.setval('public."RoleClaims_Id_seq"', 1, false);


--
-- Name: UsuarioClaims_Id_seq; Type: SEQUENCE SET; Schema: public; Owner: postgres
--

SELECT pg_catalog.setval('public."UsuarioClaims_Id_seq"', 1, false);


--
-- Name: ArVideo PK_ArVideo; Type: CONSTRAINT; Schema: public; Owner: postgres
--

ALTER TABLE ONLY public."ArVideo"
    ADD CONSTRAINT "PK_ArVideo" PRIMARY KEY ("Id");


--
-- Name: Categoria PK_Categoria; Type: CONSTRAINT; Schema: public; Owner: postgres
--

ALTER TABLE ONLY public."Categoria"
    ADD CONSTRAINT "PK_Categoria" PRIMARY KEY ("Id");


--
-- Name: EquipoFitness PK_EquipoFitness; Type: CONSTRAINT; Schema: public; Owner: postgres
--

ALTER TABLE ONLY public."EquipoFitness"
    ADD CONSTRAINT "PK_EquipoFitness" PRIMARY KEY ("Id");


--
-- Name: Membresia PK_Membresia; Type: CONSTRAINT; Schema: public; Owner: postgres
--

ALTER TABLE ONLY public."Membresia"
    ADD CONSTRAINT "PK_Membresia" PRIMARY KEY ("Id");


--
-- Name: Pago PK_Pago; Type: CONSTRAINT; Schema: public; Owner: postgres
--

ALTER TABLE ONLY public."Pago"
    ADD CONSTRAINT "PK_Pago" PRIMARY KEY ("Id");


--
-- Name: Peso PK_Peso; Type: CONSTRAINT; Schema: public; Owner: postgres
--

ALTER TABLE ONLY public."Peso"
    ADD CONSTRAINT "PK_Peso" PRIMARY KEY ("Id");


--
-- Name: RoleClaims PK_RoleClaims; Type: CONSTRAINT; Schema: public; Owner: postgres
--

ALTER TABLE ONLY public."RoleClaims"
    ADD CONSTRAINT "PK_RoleClaims" PRIMARY KEY ("Id");


--
-- Name: Roles PK_Roles; Type: CONSTRAINT; Schema: public; Owner: postgres
--

ALTER TABLE ONLY public."Roles"
    ADD CONSTRAINT "PK_Roles" PRIMARY KEY ("Id");


--
-- Name: UsuarioClaims PK_UsuarioClaims; Type: CONSTRAINT; Schema: public; Owner: postgres
--

ALTER TABLE ONLY public."UsuarioClaims"
    ADD CONSTRAINT "PK_UsuarioClaims" PRIMARY KEY ("Id");


--
-- Name: UsuarioLogins PK_UsuarioLogins; Type: CONSTRAINT; Schema: public; Owner: postgres
--

ALTER TABLE ONLY public."UsuarioLogins"
    ADD CONSTRAINT "PK_UsuarioLogins" PRIMARY KEY ("LoginProvider", "ProviderKey");


--
-- Name: UsuarioRoles PK_UsuarioRoles; Type: CONSTRAINT; Schema: public; Owner: postgres
--

ALTER TABLE ONLY public."UsuarioRoles"
    ADD CONSTRAINT "PK_UsuarioRoles" PRIMARY KEY ("UserId", "RoleId");


--
-- Name: UsuarioTokens PK_UsuarioTokens; Type: CONSTRAINT; Schema: public; Owner: postgres
--

ALTER TABLE ONLY public."UsuarioTokens"
    ADD CONSTRAINT "PK_UsuarioTokens" PRIMARY KEY ("UserId", "LoginProvider", "Name");


--
-- Name: Usuarios PK_Usuarios; Type: CONSTRAINT; Schema: public; Owner: postgres
--

ALTER TABLE ONLY public."Usuarios"
    ADD CONSTRAINT "PK_Usuarios" PRIMARY KEY ("Id");


--
-- Name: __EFMigrationsHistory PK___EFMigrationsHistory; Type: CONSTRAINT; Schema: public; Owner: postgres
--

ALTER TABLE ONLY public."__EFMigrationsHistory"
    ADD CONSTRAINT "PK___EFMigrationsHistory" PRIMARY KEY ("MigrationId");


--
-- Name: EmailIndex; Type: INDEX; Schema: public; Owner: postgres
--

CREATE INDEX "EmailIndex" ON public."Usuarios" USING btree ("NormalizedEmail");


--
-- Name: IX_ArVideo_EquipoFitnessID; Type: INDEX; Schema: public; Owner: postgres
--

CREATE INDEX "IX_ArVideo_EquipoFitnessID" ON public."ArVideo" USING btree ("EquipoFitnessID");


--
-- Name: IX_EquipoFitness_CategoriaID; Type: INDEX; Schema: public; Owner: postgres
--

CREATE INDEX "IX_EquipoFitness_CategoriaID" ON public."EquipoFitness" USING btree ("CategoriaID");


--
-- Name: IX_Membresia_AppUsuarioID; Type: INDEX; Schema: public; Owner: postgres
--

CREATE INDEX "IX_Membresia_AppUsuarioID" ON public."Membresia" USING btree ("AppUsuarioID");


--
-- Name: IX_Pago_MembresiaID; Type: INDEX; Schema: public; Owner: postgres
--

CREATE INDEX "IX_Pago_MembresiaID" ON public."Pago" USING btree ("MembresiaID");


--
-- Name: IX_Peso_AppUsuarioID; Type: INDEX; Schema: public; Owner: postgres
--

CREATE INDEX "IX_Peso_AppUsuarioID" ON public."Peso" USING btree ("AppUsuarioID");


--
-- Name: IX_RoleClaims_RoleId; Type: INDEX; Schema: public; Owner: postgres
--

CREATE INDEX "IX_RoleClaims_RoleId" ON public."RoleClaims" USING btree ("RoleId");


--
-- Name: IX_UsuarioClaims_UserId; Type: INDEX; Schema: public; Owner: postgres
--

CREATE INDEX "IX_UsuarioClaims_UserId" ON public."UsuarioClaims" USING btree ("UserId");


--
-- Name: IX_UsuarioLogins_UserId; Type: INDEX; Schema: public; Owner: postgres
--

CREATE INDEX "IX_UsuarioLogins_UserId" ON public."UsuarioLogins" USING btree ("UserId");


--
-- Name: IX_UsuarioRoles_RoleId; Type: INDEX; Schema: public; Owner: postgres
--

CREATE INDEX "IX_UsuarioRoles_RoleId" ON public."UsuarioRoles" USING btree ("RoleId");


--
-- Name: RoleNameIndex; Type: INDEX; Schema: public; Owner: postgres
--

CREATE UNIQUE INDEX "RoleNameIndex" ON public."Roles" USING btree ("NormalizedName");


--
-- Name: UserNameIndex; Type: INDEX; Schema: public; Owner: postgres
--

CREATE UNIQUE INDEX "UserNameIndex" ON public."Usuarios" USING btree ("NormalizedUserName");


--
-- Name: ArVideo FK_ArVideo_EquipoFitness_EquipoFitnessID; Type: FK CONSTRAINT; Schema: public; Owner: postgres
--

ALTER TABLE ONLY public."ArVideo"
    ADD CONSTRAINT "FK_ArVideo_EquipoFitness_EquipoFitnessID" FOREIGN KEY ("EquipoFitnessID") REFERENCES public."EquipoFitness"("Id") ON DELETE CASCADE;


--
-- Name: EquipoFitness FK_EquipoFitness_Categoria_CategoriaID; Type: FK CONSTRAINT; Schema: public; Owner: postgres
--

ALTER TABLE ONLY public."EquipoFitness"
    ADD CONSTRAINT "FK_EquipoFitness_Categoria_CategoriaID" FOREIGN KEY ("CategoriaID") REFERENCES public."Categoria"("Id") ON DELETE CASCADE;


--
-- Name: Membresia FK_Membresia_Usuarios_AppUsuarioID; Type: FK CONSTRAINT; Schema: public; Owner: postgres
--

ALTER TABLE ONLY public."Membresia"
    ADD CONSTRAINT "FK_Membresia_Usuarios_AppUsuarioID" FOREIGN KEY ("AppUsuarioID") REFERENCES public."Usuarios"("Id") ON DELETE CASCADE;


--
-- Name: Pago FK_Pago_Membresia_MembresiaID; Type: FK CONSTRAINT; Schema: public; Owner: postgres
--

ALTER TABLE ONLY public."Pago"
    ADD CONSTRAINT "FK_Pago_Membresia_MembresiaID" FOREIGN KEY ("MembresiaID") REFERENCES public."Membresia"("Id") ON DELETE CASCADE;


--
-- Name: Peso FK_Peso_Usuarios_AppUsuarioID; Type: FK CONSTRAINT; Schema: public; Owner: postgres
--

ALTER TABLE ONLY public."Peso"
    ADD CONSTRAINT "FK_Peso_Usuarios_AppUsuarioID" FOREIGN KEY ("AppUsuarioID") REFERENCES public."Usuarios"("Id") ON DELETE CASCADE;


--
-- Name: RoleClaims FK_RoleClaims_Roles_RoleId; Type: FK CONSTRAINT; Schema: public; Owner: postgres
--

ALTER TABLE ONLY public."RoleClaims"
    ADD CONSTRAINT "FK_RoleClaims_Roles_RoleId" FOREIGN KEY ("RoleId") REFERENCES public."Roles"("Id") ON DELETE CASCADE;


--
-- Name: UsuarioClaims FK_UsuarioClaims_Usuarios_UserId; Type: FK CONSTRAINT; Schema: public; Owner: postgres
--

ALTER TABLE ONLY public."UsuarioClaims"
    ADD CONSTRAINT "FK_UsuarioClaims_Usuarios_UserId" FOREIGN KEY ("UserId") REFERENCES public."Usuarios"("Id") ON DELETE CASCADE;


--
-- Name: UsuarioLogins FK_UsuarioLogins_Usuarios_UserId; Type: FK CONSTRAINT; Schema: public; Owner: postgres
--

ALTER TABLE ONLY public."UsuarioLogins"
    ADD CONSTRAINT "FK_UsuarioLogins_Usuarios_UserId" FOREIGN KEY ("UserId") REFERENCES public."Usuarios"("Id") ON DELETE CASCADE;


--
-- Name: UsuarioRoles FK_UsuarioRoles_Roles_RoleId; Type: FK CONSTRAINT; Schema: public; Owner: postgres
--

ALTER TABLE ONLY public."UsuarioRoles"
    ADD CONSTRAINT "FK_UsuarioRoles_Roles_RoleId" FOREIGN KEY ("RoleId") REFERENCES public."Roles"("Id") ON DELETE CASCADE;


--
-- Name: UsuarioRoles FK_UsuarioRoles_Usuarios_UserId; Type: FK CONSTRAINT; Schema: public; Owner: postgres
--

ALTER TABLE ONLY public."UsuarioRoles"
    ADD CONSTRAINT "FK_UsuarioRoles_Usuarios_UserId" FOREIGN KEY ("UserId") REFERENCES public."Usuarios"("Id") ON DELETE CASCADE;


--
-- Name: UsuarioTokens FK_UsuarioTokens_Usuarios_UserId; Type: FK CONSTRAINT; Schema: public; Owner: postgres
--

ALTER TABLE ONLY public."UsuarioTokens"
    ADD CONSTRAINT "FK_UsuarioTokens_Usuarios_UserId" FOREIGN KEY ("UserId") REFERENCES public."Usuarios"("Id") ON DELETE CASCADE;


--
-- PostgreSQL database dump complete
--

